﻿<?xml version="1.0"?>
<annotation>
    <folder>images</folder>
    <filename>charteux_3.jpeg</filename>
    <path>images/charteux_3.jpeg</path>
    <source>
        <database>Unknown</database>
    </source>
    <size>
        <width>275</width>
        <height>183</height>
        <depth>3</depth>
    </size>
    <segmented>0</segmented>
    <object>
        <name>charteux</name>
        <pose>Unspecified</pose>
        <truncated>0</truncated>
        <difficult>0</difficult>
        <bndbox>
            <xmin>36</xmin>
            <ymin>8</ymin>
            <xmax>274</xmax>
            <ymax>181</ymax>
        </bndbox>
    </object>
</annotation>