﻿<?xml version="1.0"?>
<annotation>
    <folder>images</folder>
    <filename>ragdoll_2.jpeg</filename>
    <path>images/ragdoll_2.jpeg</path>
    <source>
        <database>Unknown</database>
    </source>
    <size>
        <width>259</width>
        <height>195</height>
        <depth>3</depth>
    </size>
    <segmented>0</segmented>
    <object>
        <name>ragdoll</name>
        <pose>Unspecified</pose>
        <truncated>0</truncated>
        <difficult>0</difficult>
        <bndbox>
            <xmin>1</xmin>
            <ymin>3</ymin>
            <xmax>219</xmax>
            <ymax>192</ymax>
        </bndbox>
    </object>
</annotation>