﻿<?xml version="1.0"?>
<annotation>
    <folder>images</folder>
    <filename>persian_4.jpeg</filename>
    <path>images/persian_4.jpeg</path>
    <source>
        <database>Unknown</database>
    </source>
    <size>
        <width>259</width>
        <height>194</height>
        <depth>3</depth>
    </size>
    <segmented>0</segmented>
    <object>
        <name>persian</name>
        <pose>Unspecified</pose>
        <truncated>0</truncated>
        <difficult>0</difficult>
        <bndbox>
            <xmin>1</xmin>
            <ymin>45</ymin>
            <xmax>147</xmax>
            <ymax>138</ymax>
        </bndbox>
    </object>
    <object>
        <name>persian</name>
        <pose>Unspecified</pose>
        <truncated>0</truncated>
        <difficult>0</difficult>
        <bndbox>
            <xmin>120</xmin>
            <ymin>33</ymin>
            <xmax>258</xmax>
            <ymax>137</ymax>
        </bndbox>
    </object>
</annotation>