<?xml version="1.0"?>
<annotation>
    <folder>images</folder>
    <filename>persian_5.jpeg</filename>
    <path>images/persian_5.jpeg</path>
    <source>
        <database>Unknown</database>
    </source>
    <size>
        <width>276</width>
        <height>182</height>
        <depth>3</depth>
    </size>
    <segmented>0</segmented>
    <object>
        <name>persian</name>
        <pose>Unspecified</pose>
        <truncated>0</truncated>
        <difficult>0</difficult>
        <bndbox>
            <xmin>1</xmin>
            <ymin>4</ymin>
            <xmax>222</xmax>
            <ymax>180</ymax>
        </bndbox>
    </object>
</annotation>
