﻿<?xml version="1.0"?>
<annotation>
    <folder>images</folder>
    <filename>persian_2.jpeg</filename>
    <path>images/persian_2.jpeg</path>
    <source>
        <database>Unknown</database>
    </source>
    <size>
        <width>224</width>
        <height>225</height>
        <depth>3</depth>
    </size>
    <segmented>0</segmented>
    <object>
        <name>persian</name>
        <pose>Unspecified</pose>
        <truncated>0</truncated>
        <difficult>0</difficult>
        <bndbox>
            <xmin>1</xmin>
            <ymin>22</ymin>
            <xmax>197</xmax>
            <ymax>224</ymax>
        </bndbox>
    </object>
</annotation>