﻿<?xml version="1.0"?>
<annotation>
    <folder>images</folder>
    <filename>persian_1.jpeg</filename>
    <path>images/persian_1.jpeg</path>
    <source>
        <database>Unknown</database>
    </source>
    <size>
        <width>247</width>
        <height>204</height>
        <depth>3</depth>
    </size>
    <segmented>0</segmented>
    <object>
        <name>persian</name>
        <pose>Unspecified</pose>
        <truncated>0</truncated>
        <difficult>0</difficult>
        <bndbox>
            <xmin>47</xmin>
            <ymin>26</ymin>
            <xmax>230</xmax>
            <ymax>202</ymax>
        </bndbox>
    </object>
</annotation>