﻿<?xml version="1.0"?>
<annotation>
    <folder>images</folder>
    <filename>ragdoll_4.jpeg</filename>
    <path>images/ragdoll_4.jpeg</path>
    <source>
        <database>Unknown</database>
    </source>
    <size>
        <width>183</width>
        <height>275</height>
        <depth>3</depth>
    </size>
    <segmented>0</segmented>
    <object>
        <name>ragdoll</name>
        <pose>Unspecified</pose>
        <truncated>0</truncated>
        <difficult>0</difficult>
        <bndbox>
            <xmin>8</xmin>
            <ymin>20</ymin>
            <xmax>182</xmax>
            <ymax>274</ymax>
        </bndbox>
    </object>
</annotation>