﻿<?xml version="1.0"?>
<annotation>
    <folder>images</folder>
    <filename>charteux_5.jpeg</filename>
    <path>images/charteux_5.jpeg</path>
    <source>
        <database>Unknown</database>
    </source>
    <size>
        <width>259</width>
        <height>194</height>
        <depth>3</depth>
    </size>
    <segmented>0</segmented>
    <object>
        <name>charteux</name>
        <pose>Unspecified</pose>
        <truncated>0</truncated>
        <difficult>0</difficult>
        <bndbox>
            <xmin>45</xmin>
            <ymin>13</ymin>
            <xmax>256</xmax>
            <ymax>193</ymax>
        </bndbox>
    </object>
</annotation>